{ "height":15,
 "layers":[
        {
         "data":[5, 5, 1, 1, 1, 5, 5, 1, 1, 1, 1, 1, 9, 9, 9, 1, 1, 1, 5, 5, 5, 5, 1, 1, 1, 1, 5, 5, 1, 1, 1, 1, 1, 1, 9, 9, 1, 1, 1, 5, 1, 5, 1, 1, 1, 1, 1, 5, 1, 1, 1, 1, 1, 1, 1, 1, 1, 1, 1, 1, 1, 5, 5, 5, 1, 9, 9, 9, 5, 5, 5, 5, 1, 1, 1, 1, 1, 1, 1, 1, 1, 1, 1, 1, 9, 9, 9, 9, 9, 1, 1, 1, 1, 1, 5, 5, 1, 1, 1, 1, 1, 1, 1, 9, 9, 9, 9, 1, 1, 1, 1, 1, 1, 1, 9, 5, 1, 1, 1, 1, 1, 1, 1, 1, 5, 9, 1, 1, 1, 1, 1, 1, 1, 9, 9, 9, 9, 1, 1, 1, 1, 1, 1, 1, 5, 5, 1, 1, 1, 1, 1, 9, 9, 9, 9, 9, 1, 1, 1, 1, 1, 1, 1, 1, 1, 1, 1, 1, 5, 5, 5, 5, 9, 9, 9, 1, 5, 5, 5, 1, 1, 1, 1, 1, 1, 1, 1, 1, 1, 1, 1, 1, 5, 1, 1, 1, 1, 1, 5, 1, 5, 1, 1, 1, 9, 9, 1, 1, 1, 1, 1, 1, 5, 5, 1, 1, 1, 1, 5, 5, 5, 5, 1, 1, 1, 9, 9, 9, 1, 1, 1, 1, 1, 5, 5, 1, 1, 1, 5, 5, 5, 5, 5, 5, 5, 5, 5, 5, 5, 5, 5, 5, 5, 5, 5, 5, 5, 5, 5, 5, 5, 5, 5, 5, 5, 5, 5, 5, 5, 5, 5, 5, 5, 5, 5, 5, 5, 5, 5, 5, 5, 5, 5, 5, 5, 5, 5, 5, 5, 5, 5, 5, 5, 5, 5, 5, 5, 5, 5, 5],
         "height":15,
         "name":"Layer1",
         "opacity":1,
         "type":"tilelayer",
         "visible":true,
         "width":20,
         "x":0,
         "y":0
        }, 
        {
         "data":[2, 2, 2, 2, 2, 2, 2, 2, 2, 2, 2, 2, 2, 2, 2, 2, 2, 2, 2, 2, 2, 2, 2, 2, 2, 2, 2, 2, 2, 2, 2, 2, 2, 2, 2, 2, 2, 2, 2, 2, 2, 2, 2, 2, 2, 2, 2, 2, 2, 2, 2, 2, 2, 2, 2, 2, 2, 2, 2, 2, 2, 2, 2, 2, 2, 2, 2, 2, 2, 2, 2, 2, 2, 2, 2, 2, 2, 2, 2, 2, 2, 2, 2, 2, 2, 2, 2, 2, 2, 2, 2, 2, 2, 2, 2, 2, 2, 2, 2, 2, 2, 2, 2, 2, 2, 2, 2, 2, 2, 2, 2, 2, 2, 2, 2, 2, 2, 2, 2, 2, 2, 2, 2, 2, 2, 2, 2, 2, 2, 2, 2, 2, 2, 2, 2, 2, 2, 2, 2, 2, 2, 2, 2, 2, 2, 2, 2, 2, 2, 2, 2, 2, 2, 2, 2, 2, 2, 2, 2, 2, 2, 2, 2, 2, 2, 2, 2, 2, 2, 2, 2, 2, 2, 2, 2, 2, 2, 2, 2, 2, 2, 2, 2, 2, 2, 2, 2, 2, 2, 2, 2, 2, 2, 2, 2, 2, 2, 2, 2, 2, 2, 2, 2, 2, 2, 2, 2, 2, 2, 2, 2, 2, 2, 2, 2, 2, 2, 2, 2, 2, 2, 2, 2, 2, 2, 2, 2, 2, 2, 2, 2, 2, 2, 2, 2, 2, 2, 2, 2, 2, 2, 2, 2, 2, 2, 2, 2, 2, 2, 2, 2, 2, 2, 2, 2, 2, 2, 2, 2, 2, 2, 2, 2, 2, 2, 2, 2, 2, 2, 2, 2, 2, 2, 2, 2, 2, 2, 2, 2, 2, 2, 2, 2, 2, 2, 2, 2, 2, 2, 2, 2, 2, 2, 2, 2, 2, 2, 2, 2, 2],
         "height":15,
         "name":"Layer2",
         "opacity":1,
         "type":"tilelayer",
         "visible":false,
         "width":20,
         "x":0,
         "y":0
        }, 
        {
         "draworder":"topdown",
         "height":15,
         "name":"ObjectLayer1",
         "objects":[
                {
                 "gid":17,
                 "height":32,
                 "id":1,
                 "name":"",
                 "properties":
                    {
                     "frame":"0",
                     "player":"Player1",
                     "unit":"Tank"
                    },
                 "rotation":0,
                 "type":"",
                 "visible":true,
                 "width":32,
                 "x":0,
                 "y":192
                }, 
                {
                 "gid":28,
                 "height":32,
                 "id":3,
                 "name":"",
                 "properties":
                    {
                     "frame":"3",
                     "player":"Player2",
                     "unit":"Tank"
                    },
                 "rotation":0,
                 "type":"",
                 "visible":true,
                 "width":32,
                 "x":608,
                 "y":224
                }, 
                {
                 "gid":17,
                 "height":32,
                 "id":4,
                 "name":"",
                 "properties":
                    {
                     "frame":"0",
                     "player":"Player1",
                     "unit":"Tank"
                    },
                 "rotation":0,
                 "type":"",
                 "visible":true,
                 "width":32,
                 "x":32,
                 "y":256
                }, 
                {
                 "gid":28,
                 "height":32,
                 "id":5,
                 "name":"",
                 "properties":
                    {
                     "frame":"3",
                     "player":"Player2",
                     "unit":"Tank"
                    },
                 "rotation":0,
                 "type":"",
                 "visible":true,
                 "width":32,
                 "x":576,
                 "y":160
                }, 
                {
                 "gid":29,
                 "height":32,
                 "id":6,
                 "name":"",
                 "properties":
                    {
                     "frame":"0",
                     "player":"Player1",
                     "unit":"Infantry"
                    },
                 "rotation":0,
                 "type":"",
                 "visible":true,
                 "width":32,
                 "x":0,
                 "y":224
                }, 
                {
                 "gid":29,
                 "height":32,
                 "id":7,
                 "name":"",
                 "properties":
                    {
                     "frame":"0",
                     "player":"Player1",
                     "unit":"Infantry"
                    },
                 "rotation":0,
                 "type":"",
                 "visible":true,
                 "width":32,
                 "x":32,
                 "y":288
                }, 
                {
                 "gid":36,
                 "height":32,
                 "id":8,
                 "name":"",
                 "properties":
                    {
                     "frame":"3",
                     "player":"Player2",
                     "unit":"Infantry"
                    },
                 "rotation":0,
                 "type":"",
                 "visible":true,
                 "width":32,
                 "x":576,
                 "y":128
                }, 
                {
                 "gid":36,
                 "height":32,
                 "id":9,
                 "name":"",
                 "properties":
                    {
                     "frame":"3",
                     "player":"Player2",
                     "unit":"Infantry"
                    },
                 "rotation":0,
                 "type":"",
                 "visible":true,
                 "width":32,
                 "x":608,
                 "y":192
                }],
         "opacity":1,
         "type":"objectgroup",
         "visible":true,
         "width":20,
         "x":0,
         "y":0
        }],
 "nextobjectid":10,
 "orientation":"orthogonal",
 "properties":
    {

    },
 "renderorder":"right-down",
 "tileheight":32,
 "tilesets":[
        {
         "firstgid":1,
         "image":"tileset.png",
         "imageheight":128,
         "imagewidth":128,
         "margin":0,
         "name":"tileset",
         "properties":
            {

            },
         "spacing":0,
         "tileheight":32,
         "tilewidth":32
        }, 
        {
         "firstgid":17,
         "image":"player1_tank.png",
         "imageheight":32,
         "imagewidth":128,
         "margin":0,
         "name":"player1_tank",
         "properties":
            {

            },
         "spacing":0,
         "tileheight":32,
         "tilewidth":32
        }, 
        {
         "firstgid":21,
         "image":"player1_infantry.png",
         "imageheight":32,
         "imagewidth":128,
         "margin":0,
         "name":"player1_infantry",
         "properties":
            {

            },
         "spacing":0,
         "tileheight":32,
         "tilewidth":32
        }, 
        {
         "firstgid":25,
         "image":"player2_tank.png",
         "imageheight":32,
         "imagewidth":128,
         "margin":0,
         "name":"player2_tank",
         "properties":
            {

            },
         "spacing":0,
         "tileheight":32,
         "tilewidth":32
        }, 
        {
         "firstgid":29,
         "image":"player1_infantry.png",
         "imageheight":32,
         "imagewidth":128,
         "margin":0,
         "name":"player1_infantry",
         "properties":
            {

            },
         "spacing":0,
         "tileheight":32,
         "tilewidth":32
        }, 
        {
         "firstgid":33,
         "image":"player2_infantry.png",
         "imageheight":32,
         "imagewidth":128,
         "margin":0,
         "name":"player2_infantry",
         "properties":
            {

            },
         "spacing":0,
         "tileheight":32,
         "tilewidth":32
        }],
 "tilewidth":32,
 "version":1,
 "width":20
}