{"frames": {

"Block0.png":
{
	"frame": {"x":260,"y":324,"w":30,"h":30},
	"rotated": false,
	"trimmed": false,
	"spriteSourceSize": {"x":0,"y":0,"w":30,"h":30},
	"sourceSize": {"w":30,"h":30}
},
"Block1.png":
{
	"frame": {"x":260,"y":356,"w":30,"h":30},
	"rotated": false,
	"trimmed": false,
	"spriteSourceSize": {"x":0,"y":0,"w":30,"h":30},
	"sourceSize": {"w":30,"h":30}
},
"Block2.png":
{
	"frame": {"x":260,"y":388,"w":30,"h":30},
	"rotated": false,
	"trimmed": false,
	"spriteSourceSize": {"x":0,"y":0,"w":30,"h":30},
	"sourceSize": {"w":30,"h":30}
},
"Block3.png":
{
	"frame": {"x":260,"y":420,"w":30,"h":30},
	"rotated": false,
	"trimmed": false,
	"spriteSourceSize": {"x":0,"y":0,"w":30,"h":30},
	"sourceSize": {"w":30,"h":30}
},
"Block4.png":
{
	"frame": {"x":260,"y":452,"w":30,"h":30},
	"rotated": false,
	"trimmed": false,
	"spriteSourceSize": {"x":0,"y":0,"w":30,"h":30},
	"sourceSize": {"w":30,"h":30}
},
"Block5.png":
{
	"frame": {"x":292,"y":324,"w":30,"h":30},
	"rotated": false,
	"trimmed": false,
	"spriteSourceSize": {"x":0,"y":0,"w":30,"h":30},
	"sourceSize": {"w":30,"h":30}
},
"GameBackground.png":
{
	"frame": {"x":260,"y":2,"w":480,"h":320},
	"rotated": false,
	"trimmed": false,
	"spriteSourceSize": {"x":0,"y":0,"w":480,"h":320},
	"sourceSize": {"w":480,"h":320}
},
"game_board.png":
{
	"frame": {"x":2,"y":2,"w":256,"h":480},
	"rotated": false,
	"trimmed": false,
	"spriteSourceSize": {"x":0,"y":0,"w":256,"h":480},
	"sourceSize": {"w":256,"h":480}
}},
"meta": {
	"app": "http://www.codeandweb.com/texturepacker",
	"version": "1.0",
	"image": "Textures.png",
	"format": "RGBA8888",
	"size": {"w":742,"h":484},
	"scale": "1",
	"smartupdate": "$TexturePacker:SmartUpdate:b2e87905fb680d228314bd76360b709f:cd4781c09277b7adc169f7132b516398:47eea503d58a5a57ecee78f751fa5688$"
}
}
